seed,source_count,cleared_count,source_sha256,actual_all_cleared,clearance_ratio,raw_time_per_source_s,privileged_truth,all_cleared,audit_passed,total_time_s,per_source_s,program_runtime_s,full_scan_count,failure,termination_reason,movement_s,measurement_s,switching_s,clearance_s
280000000,10,10,7203618c4bedd7f61d0b106d845b876111d1dd6a420b6cf68433ee63c4bd76bb,True,1.0,777.7995265305868,False,True,True,7777.995265305868,777.7995265305868,1.5615756999999348,21,,all_cleared,5222.995265305869,2105.0,400.0,50.0
280000001,10,10,b64f80600bbd40169d878832ce2a4879ab94c671a136f23ef2895d4a1a116271,True,1.0,785.5123682438428,False,True,True,7855.123682438429,785.5123682438428,2.0963144999999486,21,,all_cleared,5265.123682438429,2140.0,400.0,50.0
280000002,10,10,1424ffbfd8a9285b62bbfa5865a98d147cc7600e2523b6e2bbc5f6b5cfef0ebe,True,1.0,770.0385959558499,False,True,True,7700.385959558499,770.0385959558499,1.8879802000000154,21,,all_cleared,5145.385959558499,2105.0,400.0,50.0
280000003,10,10,3183e4bde15c9679a77dc4ffe4938b16c0b11a1b5f30d3febe0a8cee3086a723,True,1.0,773.3481779435986,False,True,True,7733.481779435985,773.3481779435986,1.9176694000000225,21,,all_cleared,5164.481779435987,2115.0,401.0,53.0
280000004,10,10,aca09cc8f25bf24769c8a8e98939d2cb0f20f89dbb7b83592fb51d4ca66704a6,True,1.0,749.0916400784387,False,True,True,7490.9164007843865,749.0916400784387,1.7725252000000182,21,,all_cleared,4935.916400784388,2105.0,400.0,50.0
280000005,10,10,42ea049001977ccdbac5b56e227b2a12b8166120ddf6f13ab1ea89a7080d60dc,True,1.0,739.8576297174812,False,True,True,7398.576297174813,739.8576297174812,1.5651820000000498,21,,all_cleared,4843.576297174814,2105.0,400.0,50.0
280000006,10,10,3f7a244cccafbfed3b8fa7ee544456c70f426662e4b332d7073b053dd486adcc,True,1.0,761.4358628364088,False,True,True,7614.358628364088,761.4358628364088,1.4315137999999479,21,,all_cleared,5059.35862836409,2105.0,400.0,50.0
280000007,10,10,2345fb9a681cf2efd5e698ddfd69f8917de8d6c8fe6c4bef1f34a95832b7f68e,True,1.0,800.494537539651,False,True,True,8004.94537539651,800.494537539651,1.8182076000000507,21,,all_cleared,5438.945375396511,2115.0,401.0,50.0
280000008,10,10,38e2aff33f98cff2818d457499b1148615b3c784d77967fd1099d35247bd9dd5,True,1.0,753.2972010918301,False,True,True,7532.972010918301,753.2972010918301,1.52164479999999,21,,all_cleared,4983.972010918303,2100.0,399.0,50.0
280000009,10,10,a525cb8562199cada4ae98226cbb0c3da6643113a56d0d90b9574a2b79413508,True,1.0,793.0884096423814,False,True,True,7930.884096423814,793.0884096423814,1.735462200000029,21,,all_cleared,5381.884096423816,2100.0,399.0,50.0
280000010,10,10,f43da4ed2e77e51f5f9a5f8eaff50a4a854b4643a5a94f3db488528fe2bd91e3,True,1.0,804.6943701309575,False,True,True,8046.943701309575,804.6943701309575,1.4981766999999309,21,,all_cleared,5483.943701309576,2110.0,400.0,53.0
280000011,10,10,ef6870e012552df004b32f207f234ffe79ba351f24df1fda8090a9b0e8ce675b,True,1.0,785.7283714458292,False,True,True,7857.283714458292,785.7283714458292,2.0354726000000483,21,,all_cleared,5272.283714458293,2135.0,400.0,50.0
280000012,10,10,da2050e3dd2e132dcaea89d80816d6978d757ab69d56f71e56b1ebdf9355f1f1,True,1.0,747.2713023523127,False,True,True,7472.713023523126,747.2713023523127,1.8043284000000313,21,,all_cleared,4923.713023523128,2100.0,399.0,50.0
280000013,10,10,b53e04ded4c66f43849e4a99c182daa51e2b21ffcd2979bba3514cb72a2ba0f4,True,1.0,800.2263671201761,False,True,True,8002.263671201761,800.2263671201761,1.75470729999995,21,,all_cleared,5438.263671201762,2115.0,399.0,50.0
280000014,10,10,b07932fcdf29a8cebf921a60f3883840fa9716299406b18520a5039af2bf1bd2,True,1.0,783.4581087602102,False,True,True,7834.581087602101,783.4581087602102,1.4746407999999747,21,,all_cleared,5285.581087602102,2100.0,399.0,50.0
280000015,10,10,ac360a6d57101a35b8821d88d493e04207801116801ed480ffabaaf0503d213a,True,1.0,773.9850587872714,False,True,True,7739.850587872715,773.9850587872714,1.8805777000000035,21,,all_cleared,5179.850587872715,2110.0,400.0,50.0
280000016,10,10,7a8e5b2deea413bc980838c4c18e232b50c6b8050b903fdac946d04159da3f07,True,1.0,732.5445619779091,False,True,True,7325.445619779091,732.5445619779091,1.4901973999999427,21,,all_cleared,4776.445619779093,2100.0,399.0,50.0
280000017,10,10,4f08f05e7d2b8467b68c31e7d9d7879a70985f7b7aee06389925dad4a640d844,True,1.0,790.0211603950829,False,True,True,7900.211603950829,790.0211603950829,1.7199590999999828,21,,all_cleared,5345.21160395083,2105.0,400.0,50.0
280000018,10,10,7235d9336ae24c78228d471ee7a1332f6d44e86a6acf0a16c389ac42ee25d1f2,True,1.0,775.3787185152704,False,True,True,7753.787185152704,775.3787185152704,1.4349492000000055,21,,all_cleared,5190.787185152705,2110.0,400.0,53.0
280000019,10,10,d0c0eb47c00f5e0636b2c682db653227ecf144eeeb0bfa1447f8682319695302,True,1.0,782.1494336034405,False,True,True,7821.494336034404,782.1494336034405,1.7342665000001034,21,,all_cleared,5243.494336034406,2125.0,400.0,53.0
280001000,12,12,398cf089f6421146ebea13af1ea5a36b28e3aff73979d0cd57a8078529ba2601,True,1.0,667.6030331707387,False,True,True,8011.236398048865,667.6030331707387,2.0348371000000043,21,,all_cleared,5421.236398048866,2125.0,402.0,63.0
280001001,12,12,e0ff078e969555ff0799c1d2f59aa8ca47864f49f4a49379c3105ed52372ae4f,True,1.0,670.9771381092977,False,True,True,8051.725657311572,670.9771381092977,1.6879963999999745,21,,all_cleared,5492.725657311572,2100.0,399.0,60.0
280001002,12,12,3b07dd5c517822876cd37aef88127c0db7307edefc35e74dffeba4cf78b3f4a3,True,1.0,646.994651883085,False,True,True,7763.93582259702,646.994651883085,1.937072300000068,21,,all_cleared,5187.935822597021,2115.0,401.0,60.0
280001003,12,12,9ceea8a8e501da1f6beeee4a861c03e1b3944cb10198287de7e034b486c78428,True,1.0,678.0445988943176,False,True,True,8136.53518673181,678.0445988943176,1.6668677000000116,21,,all_cleared,5558.53518673181,2115.0,400.0,63.0
280001004,12,12,3fdd42b2fefea21bc49b8e56ae2b4e72d9fa59e6ed402508c52a0ee1612d7a77,True,1.0,646.9437780629663,False,True,True,7763.325336755595,646.9437780629663,1.526941699999952,21,,all_cleared,5204.325336755598,2100.0,399.0,60.0
280001005,12,12,74e501bbef9843805872fd3310ac534c36eb6641098a8e37297b25680ada0fbd,True,1.0,658.2820294223717,False,True,True,7899.38435306846,658.2820294223717,1.8657418000000234,21,,all_cleared,5318.384353068461,2120.0,401.0,60.0
280001006,12,12,4a1f4a8248e99bac5f9f6af57ac3fbe39488148980f28afd1c20c15ec32b7aa6,True,1.0,665.8694138824229,False,True,True,7990.432966589075,665.8694138824229,2.4609161000000768,21,,all_cleared,5431.4329665890755,2100.0,399.0,60.0
280001007,12,12,a3c2fed35cab26e3cce1bf1ed046b256a1d92795ae67956b2292ce6c84115aad,True,1.0,652.6975752335513,False,True,True,7832.370902802616,652.6975752335513,1.7125495000000228,21,,all_cleared,5267.370902802617,2105.0,400.0,60.0
280001008,12,12,71655caf6a4c09747b79fb399ac2fb9138b842695f31666fbf0118a108af0830,True,1.0,633.8940379224268,False,True,True,7606.728455069122,633.8940379224268,2.5252292000000125,21,,all_cleared,5047.728455069124,2100.0,399.0,60.0
280001009,12,12,f4533632f287b0709716f14237a42ab02436f03a5f0f38ce2d263cea5712380b,True,1.0,671.4383072516739,False,True,True,8057.259687020087,671.4383072516739,1.8264782999999625,21,,all_cleared,5479.259687020088,2115.0,400.0,63.0
280001010,12,12,02ec90daa1790bb63848b881c08c47a06b6c9d55a3248eae4e67c86716dc6b21,True,1.0,665.5279358244883,False,True,True,7986.335229893859,665.5279358244883,2.0051241999999547,21,,all_cleared,5421.33522989386,2105.0,400.0,60.0
280001011,12,12,91c45c37b3d0a38b3c903e4d8e538ca0e78102d8feee85572ed4e8c3d7a779b7,True,1.0,645.0772089733516,False,True,True,7740.926507680219,645.0772089733516,1.9811283999999887,21,,all_cleared,5181.926507680219,2100.0,399.0,60.0
280001012,12,12,5ef134fc6eb8ac8722948cc9241c388b351260d71cdf00fcd3673f8587a215f7,True,1.0,657.4088431977176,False,True,True,7888.906118372611,657.4088431977176,1.9789216000000351,21,,all_cleared,5307.906118372611,2120.0,401.0,60.0
280001013,12,12,5295eac2225f9ee62ecadbf398d432b47d57feccd19b8be46421c4159cf30254,True,1.0,657.9846556744543,False,True,True,7895.815868093452,657.9846556744543,2.206401700000015,21,,all_cleared,5336.815868093454,2100.0,399.0,60.0
280001014,12,12,f5f849a45602a19a6160f4543c9bc3c808e1434a8143dff76d473ee89f6143ee,True,1.0,671.784781494161,False,True,True,8061.417377929933,671.784781494161,1.7295427000001382,21,,all_cleared,5485.4173779299335,2115.0,401.0,60.0
280001015,12,12,d93992c06705b22f59b3ec4621d8873853cf815f701e8f934d8426f574d1de04,True,1.0,663.928706909575,False,True,True,7967.1444829149,663.928706909575,2.235790100000031,21,,all_cleared,5391.144482914901,2115.0,401.0,60.0
280001016,12,12,9cd47a9987f75ac3e384f0df529e17050734aa0949314551e93178162b0159cd,True,1.0,673.1498268990982,False,True,True,8077.797922789178,673.1498268990982,1.82965420000005,21,,all_cleared,5502.797922789179,2115.0,400.0,60.0
280001017,12,12,0d050fad84f0b420af44ad2735785800e0c91ea18bb0ae78d908d2ef4a816cf2,True,1.0,661.7205269459428,False,True,True,7940.646323351313,661.7205269459428,1.965632300000152,21,,all_cleared,5369.646323351313,2110.0,401.0,60.0
280001018,12,12,27b9b514eb49c5d43acb0019e2d284c9f9eeba1f6985ebfb515d75d3b570d0fc,True,1.0,662.158655681474,False,True,True,7945.903868177687,662.158655681474,2.149747300000172,21,,all_cleared,5369.903868177687,2115.0,401.0,60.0
280001019,12,12,7009fcc80b8f784dbcf614f7fda98c26a44acd2a4f99a95572dace809a7289ad,True,1.0,666.6034934802975,False,True,True,7999.24192176357,666.6034934802975,1.9604127000000062,21,,all_cleared,5429.241921763571,2110.0,400.0,60.0
280002000,14,14,b09dd81cf2d8a111ef172b6b9df87e078757600bb294806a51ea0724e5e9afe3,True,1.0,584.9072540508539,False,True,True,8188.701556711954,584.9072540508539,2.083224500000142,21,,all_cleared,5596.701556711956,2120.0,402.0,70.0
280002001,14,14,33ce95f0e8fc8828842b177f21590e96955418880646b15d91f6b35bcbf5948f,True,1.0,567.4464648548034,False,True,True,7944.250507967246,567.4464648548034,2.301293499999929,21,,all_cleared,5369.250507967248,2105.0,400.0,70.0
280002002,14,14,83c52ba33f7375aa5ad178b65fbd223ff13a3a3ed3bfcf839045db21f11bc780,True,1.0,590.4046067295823,False,True,True,8265.664494214152,590.4046067295823,2.143628900000067,21,,all_cleared,5661.664494214153,2130.0,404.0,70.0
280002003,14,14,d38f6752bd78af99155894380e7bb3b6557f4ae6da2762610a92d97740f4b5b4,True,1.0,578.3840089916664,False,True,True,8097.37612588333,578.3840089916664,2.518196900000021,21,,all_cleared,5522.376125883331,2105.0,400.0,70.0
280002004,14,14,52c0f0b9fe6b9bd24db63f60aabb9d31bb3a9d16279da851309d3b0d252adb10,True,1.0,554.7454039190832,False,True,True,7766.435654867164,554.7454039190832,2.4414776000000984,21,,all_cleared,5191.435654867164,2105.0,400.0,70.0
280002005,14,14,24a6e2fbac38c3de089510d647fa76a3a45c9c9ee78aa8cbe2e08bd0f3054103,True,1.0,560.9273187577762,False,True,True,7852.982462608867,560.9273187577762,1.9992789000000357,21,,all_cleared,5253.982462608867,2125.0,401.0,73.0
280002006,14,14,4c8862f30f976b99bb9bad3f3ea871413eb009af7b4374e387e49dabc3ef0feb,True,1.0,562.4349015576123,False,True,True,7874.0886218065725,562.4349015576123,2.2405109000001175,21,,all_cleared,5299.088621806574,2105.0,400.0,70.0
280002007,14,14,15be75360501a537272543d068ed2bc38cbdbb03acc874afcc7e66faac5b2ab0,True,1.0,556.1507407624556,False,True,True,7786.110370674378,556.1507407624556,2.1549280000001545,21,,all_cleared,5217.110370674378,2100.0,399.0,70.0
280002008,14,14,d1d4123af174698ee99e626ba893dc476bc4ee0c07b9824863fe90c8e093562f,True,1.0,584.346127681659,False,True,True,8180.845787543227,584.346127681659,2.1096546999999646,21,,all_cleared,5594.845787543228,2115.0,401.0,70.0
280002009,14,14,dac3f2b1d3453a507308cd1e9bbd876e82978511b150b75332693070d4340452,True,1.0,576.6241194450604,False,True,True,8072.737672230845,576.6241194450604,2.754388699999936,21,,all_cleared,5503.737672230845,2100.0,399.0,70.0
280002010,14,14,da1f732af977918961d955e74920c0f37dee3852d8fffb39ceccf5ce7a386df3,True,1.0,553.5893384752593,False,True,True,7750.25073865363,553.5893384752593,2.1425263999999515,21,,all_cleared,5172.250738653632,2105.0,400.0,73.0
280002011,14,14,7786fdadf1fe19bcc27e4edecb1979d1a633d4fd2a9a939b042cfecd8d1920a9,True,1.0,593.2586226475986,False,True,True,8305.62071706638,593.2586226475986,2.877800200000138,21,,all_cleared,5725.620717066382,2110.0,400.0,70.0
280002012,14,14,68d7499c55179650e364208209aa87f1fbc90292fa6ebded2cb5574c54c23694,True,1.0,595.3333448714345,False,True,True,8334.666828200083,595.3333448714345,2.309798199999932,21,,all_cleared,5756.666828200084,2105.0,400.0,73.0
280002013,14,14,964716d98409f176a23d3e72486d084133615f0809ec1f7c926b8e58cda22db5,True,1.0,556.2431180715108,False,True,True,7787.403653001151,556.2431180715108,4.9488148000000365,21,,all_cleared,5207.403653001152,2110.0,400.0,70.0
280002014,14,14,3a98d5630f8b91f5fb35b6eeae5d1d2d5fee89437a8aa49597294959a1607384,True,1.0,580.2501104862805,False,True,True,8123.501546807927,580.2501104862805,2.1257313999999496,21,,all_cleared,5517.501546807927,2135.0,401.0,70.0
280002015,14,14,865ef85e91be005f0328373558b6c80b9ac19ec9cc78a9da522a5fe9d35f6ab9,True,1.0,575.850962058848,False,True,True,8061.913468823872,575.850962058848,5.091045099999974,21,,all_cleared,5451.913468823873,2140.0,400.0,70.0
280002016,14,14,098820abbf5e770869f884a45da2d6fc266835860387da35069ccaef8d9c133d,True,1.0,585.6455414435826,False,True,True,8199.037580210157,585.6455414435826,6.474450200000092,21,,all_cleared,5619.037580210158,2110.0,400.0,70.0
280002017,14,14,83085914a7d9cac0a813ba6f3430bc8c62246271b483d7f2a09a7c2d75f1543f,True,1.0,593.1521147303749,False,True,True,8304.12960622525,593.1521147303749,5.803668099999868,21,,all_cleared,5688.12960622525,2140.0,403.0,73.0
280002018,14,14,0ac2f84aa294f1d48a6376e4250c0078cf6246266d71c8284b48ade7898453d9,True,1.0,572.8705779413891,False,True,True,8020.188091179448,572.8705779413891,7.005837000000156,21,,all_cleared,5435.188091179449,2115.0,400.0,70.0
280002019,14,14,dfc383abde39c3fb049ca5dd9677afdb20fc2e39f48e1a02058f41d774f6a4b8,True,1.0,574.483503624081,False,True,True,8042.769050737134,574.483503624081,5.599408799999992,21,,all_cleared,5473.769050737134,2100.0,399.0,70.0
280003000,16,16,12de93a25e32d16dd042a536680fc2f71dcb8ddcba704315a27bb4745a22e3f7,True,1.0,511.629698005864,False,True,True,8186.075168093824,511.629698005864,4.488593400000127,21,,all_cleared,5595.075168093824,2110.0,401.0,80.0
280003001,16,16,96446fd2d55171eeabc3ee400fef9dbc91ed56c9f56ac5b2be60b50a613ca0cb,True,1.0,525.0191942747609,False,True,True,8400.307108396175,525.0191942747609,5.735942400000113,21,,all_cleared,5810.307108396174,2110.0,400.0,80.0
280003002,16,16,174eb2b818b244679d0a78669673ca84da2e328a6935de9d8178d95414f50a26,True,1.0,502.29813617222686,False,True,True,8036.77017875563,502.29813617222686,2.392934799999921,21,,all_cleared,5394.77017875563,2155.0,404.0,83.0
280003003,16,16,7216274667a8a823c69701a94e2f4db53339f3261582b198382a562e0be584ba,True,1.0,496.0392103583185,False,True,True,7936.627365733096,496.0392103583185,1.951516999999967,21,,all_cleared,5339.627365733097,2115.0,402.0,80.0
280003004,16,16,01373a44ae81de4d61df10ef89b88cb5eccb6c9edb411b1ef226ad08e162daed,True,1.0,511.6465058147336,False,True,True,8186.344093035737,511.6465058147336,2.702647599999864,21,,all_cleared,5544.344093035739,2155.0,407.0,80.0
280003005,16,16,f80a7d653748daf070076ae91ef871b39e469c67d99968aa030f75d85206488d,True,1.0,518.8866057784165,False,True,True,8302.185692454665,518.8866057784165,2.1443228999999064,21,,all_cleared,5701.1856924546655,2120.0,401.0,80.0
280003006,16,16,2815cc7cc917decb7301414afdcc8727de30fffba718e5606274ea890fc2e065,True,1.0,500.6587584986192,False,True,True,8010.540135977907,500.6587584986192,2.488701100000071,21,,all_cleared,5431.540135977907,2100.0,399.0,80.0
280003007,16,16,ab54d559e3d51392c86c5ef1ed49e758d2e6dfa20ffa02d88a0badd9851edb29,True,1.0,512.0009750058041,False,True,True,8192.015600092865,512.0009750058041,2.4944711000000552,21,,all_cleared,5613.015600092868,2100.0,399.0,80.0
280003008,16,16,f0ad304a4f2db8b64807cd645b0c9bd0bee34d58c437571377769a248f027fb8,True,1.0,510.149887710025,False,True,True,8162.3982033604,510.149887710025,2.438029800000095,21,,all_cleared,5583.398203360402,2100.0,399.0,80.0
280003009,16,16,ee687e7b36aeff2f9619be5e87f1caaf35be009fc203b3b08b050b425c753ede,True,1.0,498.540218759608,False,True,True,7976.643500153728,498.540218759608,2.684386800000084,21,,all_cleared,5385.643500153729,2110.0,401.0,80.0
280003010,16,16,20299b23a52711e5304eb608046da75f4f1db75062e025dc0907d61af1a27da9,True,1.0,497.09020054167604,False,True,True,7953.443208666817,497.09020054167604,2.4471006000001125,21,,all_cleared,5352.443208666815,2120.0,401.0,80.0
280003011,16,16,fb4863c3a9d2e68143df188d6d54607fb8ed8b3a9d9313a8ac0132ee23e8ef8b,True,1.0,501.35757872297575,False,True,True,8021.721259567612,501.35757872297575,2.9595576999997775,21,,all_cleared,5442.721259567614,2100.0,399.0,80.0
280003012,16,16,68bf6361fed6c1eb469e66cf013cd0885648e3f4f401a1962fff21a9a5d19632,True,1.0,506.4089632386531,False,True,True,8102.543411818449,506.4089632386531,3.9326931999999033,21,,all_cleared,5517.54341181845,2105.0,400.0,80.0
280003013,16,16,2780a3de3eba2a5438162e40eed356bb5c5c73e5e6e51af8f1eeb965acbb2209,True,1.0,504.68924743568977,False,True,True,8075.027958971036,504.68924743568977,3.111660699999902,21,,all_cleared,5484.027958971037,2110.0,401.0,80.0
280003014,16,16,c4d2b341f6818c84e59f2aab15609b8516acd7504e25c1e3b42fe79bdfbde108,True,1.0,516.5352703925508,False,True,True,8264.564326280813,516.5352703925508,3.590727200000174,21,,all_cleared,5650.564326280815,2130.0,401.0,83.0
280003015,16,16,3d63d22dd74fef0482b8f6d6518a8cd13caabfdf04e5b6c9851c708838581a10,True,1.0,518.8576762299839,False,True,True,8301.722819679742,518.8576762299839,3.4346431999999822,21,,all_cleared,5716.722819679745,2105.0,400.0,80.0
280003016,16,16,74f44c9372fd4f0332b24624fd501f43d7d280043102dca1bd91332fb294fd6d,True,1.0,487.8050825002183,False,True,True,7804.881320003493,487.8050825002183,2.589364400000022,21,,all_cleared,5225.881320003495,2100.0,399.0,80.0
280003017,16,16,ae8935713299819a435046fa5a6a90788b3622dc2ac3f9c0d36b73d1c830bdfd,True,1.0,528.2008727499679,False,True,True,8451.213963999486,528.2008727499679,4.53870720000009,21,,all_cleared,5832.213963999487,2135.0,401.0,83.0
280003018,16,16,4b4c66e3be9ef4017a6e72dcb5e581a52e7ffd5cf8d0355708fe94ec52c4ff14,True,1.0,516.7781467593875,False,True,True,8268.4503481502,516.7781467593875,3.9823656000000938,21,,all_cleared,5646.4503481502015,2140.0,402.0,80.0
280003019,16,16,1c08147bad948a4021f092e73300f471326891582191da3334fc24e3fae0369a,True,1.0,516.8700848939195,False,True,True,8269.921358302712,516.8700848939195,3.8451774999998634,21,,all_cleared,5684.921358302714,2105.0,400.0,80.0
